Cygnus,Progress,Kounotori,Dragon,TianZhou,Verne ATV,167,|[90.90887972245429, 91.04317307692308]|
CL3#890,CL3#1019,CL3#268,CL3#1189,CL3#93,CL3#957,CL3#856,CL3#356,CL3#1042,CL3#123,CL3#611,CL3#1148,CL3#293,CL3#841,CL3#559
CL3#132,CL3#434,CL3#522,CL3#289,CL3#388,CL3#175,CL3#470,CL3#786,CL3#255,CL3#835,CL3#735,CL3#1054,CL3#1243,CL3#1060
CL3#70,CL3#791,CL3#263,CL3#1208,CL3#738,CL3#850,CL3#435,CL3#1143,CL3#640,CL3#971,CL3#1047,CL3#1025,CL3#748,CL3#852,CL3#256,CL3#1087,CL3#596,CL3#598,CL3#257,CL3#433,CL3#394,CL3#926,CL3#609,CL3#902,CL3#464,CL3#105,CL3#989,CL3#613
CL3#353,CL3#1129,CL3#447,CL3#515,CL3#859,CL3#707,CL3#201,CL3#92,CL3#853,CL3#930,CL3#75,CL3#687,CL3#1016,CL3#1218,CL3#127,CL3#886,CL3#425,CL3#776,CL3#56,CL3#1057
CL3#476,CL3#125,CL3#964,CL3#421,CL3#159,CL3#727,CL3#558,CL3#655,CL3#970,CL3#510,CL3#401,CL3#391,CL3#482,CL3#91,CL3#630,CL3#1114,CL3#274,CL3#1089,CL3#171,CL3#768,CL3#579,CL3#372,CL3#1084,CL3#1238,CL3#327,CL3#1073,CL3#1097,CL3#978,CL3#806,CL3#67
CL3#481,CL3#595,CL3#764,CL3#710,CL3#861,CL3#704,CL3#1062,CL3#879,CL3#308,CL3#49,CL3#1077,CL3#261,CL3#460,CL3#739,CL3#1052,CL3#758,CL3#907,CL3#887,CL3#793,CL3#489,CL3#205,CL3#235,CL3#1151,CL3#189,CL3#352,CL3#116,CL3#692,CL3#906,CL3#245,CL3#1010,CL3#962,CL3#542,CL3#699,CL3#626,CL3#505,CL3#108,CL3#320,CL3#927,CL3#380,CL3#701,CL3#357,CL3#385,CL3#1157,CL3#160,CL3#743,CL3#1034,CL3#1132,CL3#521,CL3#451,CL3#1071,CL3#1213,CL3#553,CL3#405,CL3#183,CL3#865,CL3#142,CL3#115,CL3#288,CL3#395,CL3#355
