Cygnus,Progress,Kounotori,Dragon,TianZhou,Verne ATV,239,|[99.36087469831989, 97.96439102564102]|
CL3#309,CL3#1119,CL3#367,CL3#1227,CL3#470,CL3#734,CL3#736,CL3#885,CL3#1127,CL3#393,CL3#828,CL3#237,CL3#832,CL3#481,CL3#906,CL3#123,CL3#704,CL3#560,CL3#605,CL3#607,CL3#728,CL3#745,CL3#409,CL3#529,CL3#1034,CL3#890,CL3#53,CL3#45,CL3#49,CL3#548,CL3#227,CL3#380,CL3#228
CL3#1134,CL3#270,CL3#272,CL3#93,CL3#294,CL3#1182,CL3#596,CL3#1173,CL3#205,CL3#252,CL3#102,CL3#992,CL3#941,CL3#723,CL3#811,CL3#896,CL3#779,CL3#331,CL3#474
CL3#327,CL3#246,CL3#305,CL3#717,CL3#306,CL3#612,CL3#748,CL3#730,CL3#735,CL3#1025,CL3#1143,CL3#3,CL3#965,CL3#354,CL3#1037,CL3#784,CL3#90,CL3#646,CL3#604,CL3#1216,CL3#420,CL3#500,CL3#407,CL3#541,CL3#933,CL3#1136,CL3#1072,CL3#812,CL3#1170,CL3#345,CL3#67,CL3#175,CL3#871,CL3#644,CL3#878
CL3#891,CL3#591,CL3#435,CL3#989,CL3#1140,CL3#77,CL3#12,CL3#1162,CL3#1161,CL3#1008,CL3#1129,CL3#947,CL3#484,CL3#838,CL3#482,CL3#964,CL3#317,CL3#662,CL3#443,CL3#441,CL3#87,CL3#71,CL3#643,CL3#1093,CL3#376,CL3#424,CL3#998,CL3#722,CL3#464,CL3#1016,CL3#63,CL3#139,CL3#116,CL3#673
CL3#91,CL3#598,CL3#452,CL3#201,CL3#1135,CL3#459,CL3#774,CL3#776,CL3#694,CL3#416,CL3#38,CL3#1209,CL3#1126,CL3#927,CL3#50,CL3#1003,CL3#399,CL3#1085,CL3#9,CL3#126,CL3#719,CL3#1098,CL3#370,CL3#569,CL3#216,CL3#1039,CL3#898,CL3#526,CL3#462,CL3#1070,CL3#786,CL3#284,CL3#1133,CL3#388,CL3#347,CL3#224,CL3#833,CL3#34,CL3#791,CL3#670,CL3#971
CL3#721,CL3#325,CL3#247,CL3#711,CL3#373,CL3#895,CL3#595,CL3#710,CL3#592,CL3#1206,CL3#739,CL3#109,CL3#434,CL3#1224,CL3#692,CL3#417,CL3#731,CL3#701,CL3#193,CL3#752,CL3#195,CL3#699,CL3#438,CL3#1049,CL3#397,CL3#78,CL3#1148,CL3#11,CL3#465,CL3#231,CL3#106,CL3#647,CL3#844,CL3#845,CL3#456,CL3#448,CL3#841,CL3#162,CL3#561,CL3#292,CL3#1096,CL3#232,CL3#584,CL3#583,CL3#259,CL3#137,CL3#530,CL3#740,CL3#743,CL3#742,CL3#503,CL3#1234,CL3#1035,CL3#894,CL3#181,CL3#1116,CL3#383,CL3#400,CL3#810,CL3#936,CL3#937,CL3#1156,CL3#1157,CL3#556,CL3#1152,CL3#505,CL3#1054,CL3#223,CL3#174,CL3#854,CL3#348,CL3#940,CL3#659,CL3#676,CL3#189,CL3#797,CL3#672
